Id;IdLocation;IdCategory;IdSource;Usage;;;;
1;4;5;13;7.77131607279779;;;;
2;5;4;12;0.946877374593122;;;;
3;5;1;2;3.87446910956622;;;;
4;4;5;15;4.06194315838523;;;;
5;2;2;4;2.06691325092308;;;;
6;1;4;10;0.508310506539974;;;;
7;5;3;9;7.75926284422382;;;;
8;1;3;7;4.71324020022027;;;;
9;5;1;3;5.7572686329728;;;;
10;4;2;4;0.514928393461981;;;;
11;4;4;12;3.98235071254686;;;;
12;2;5;13;9.62713210752066;;;;
13;4;2;5;8.6493301399148;;;;
14;1;1;2;0.688259645707002;;;;
15;5;3;7;333;;;;
16;3;2;5;1.38772261603939;;;;
17;2;5;14;2.02687717305667;;;;
18;2;3;7;6.58621471321398;;;;
19;1;3;9;4.18261939587718;;;;
20;1;1;1;2.67468642380257;;;;
21;3;4;10;3.92199255118574;;;;
22;4;2;4;3.11183007328604;;;;
23;3;1;3;2.67951484520822;;;;
24;2;1;2;0.617128935967533;;;;
25;5;3;8;8.77211525900124;;;;
26;2;1;2;2.7006136002123;;;;
27;1;2;5;0.116288468287537;;;;
28;2;1;2;3.98928406126234;;;;
29;5;4;11;0.752191112707544;;;;
30;1;3;7;2.53769250027664;;;;
31;5;3;7;0.206943877333199;;;;
32;1;3;9;7.16000826102943;;;;
33;5;2;5;3.26636703008131;;;;
34;4;2;6;0.303368137601267;;;;
35;2;4;12;0.0451247386026693;;;;
36;5;2;4;3.5573565656837;;;;
37;3;2;5;9.76169929328601;;;;
38;2;4;10;6.18418851547557;;;;
39;4;3;9;1.68564667134741;;;;
40;2;2;5;0.321305499535375;;;;
41;3;1;2;2.06652386820982;;;;
42;3;1;3;3.89329132501467;;;;
43;4;1;1;0.310408905498244;;;;
44;3;4;10;1.11796696673579;;;;
45;4;4;11;5.50477796399614;;;;
46;3;1;3;4.75595021399235;;;;
47;4;4;11;4.87743831706266;;;;
48;5;4;10;5.38622339656108;;;;
49;2;4;11;0.247826234101095;;;;
50;4;4;11;0.33585287681495;;;;
51;4;5;14;3.68178926749976;;;;
52;3;5;13;1.03156148256081;;;;
53;5;5;15;5.71844245897862;;;;
54;2;4;12;8.47852328862591;;;;
55;3;5;15;9.02211530450327;;;;
56;1;4;12;2.70123260612198;;;;
57;5;5;15;3.58704934553736;;;;
58;1;2;4;2.18293899467241;;;;
59;4;3;8;2.12797906973277;;;;
60;1;1;1;9.78855717795872;;;;
61;5;1;1;3.13556010404185;;;;
62;4;5;15;6.07513397798444;;;;
63;4;1;3;4.58196232505076;;;;
64;4;4;11;5.70683769567516;;;;
65;3;1;3;6.73771057706107;;;;
66;1;2;6;1.53037275355581;;;;
67;4;5;14;0.368211271209109;;;;
68;5;3;9;0.594699746453775;;;;
69;3;4;11;4.27742652335239;;;;
70;1;3;8;10.6068218666585;;;;
71;5;3;9;1.55792619553425;;;;
72;1;3;9;0.518977124994192;;;;
73;3;1;1;5.87274079597906;;;;
74;5;4;10;3.49242166309166;;;;
75;3;2;4;5.04672438004157;;;;
76;4;5;13;2.07158027423801;;;;
77;2;2;5;1.98226696830345;;;;
78;3;2;5;1.22301355207557;;;;
79;1;5;15;8.31038464196337;;;;
80;2;5;14;14.1184042521133;;;;
81;2;1;1;0.56617355550821;;;;
82;5;2;5;3.66778191382457;;;;
83;3;3;7;9.4155071375874;;;;
84;1;2;5;1.83915297201395;;;;
85;4;2;4;5.4858200026439;;;;
86;5;4;10;1.99814737594319;;;;
87;4;4;12;5.42354096691688;;;;
88;2;3;8;6.96399034700529;;;;
89;1;2;6;4.58889244192767;;;;
90;5;3;8;9.28891817426112;;;;
91;5;2;4;0.634157087569919;;;;
92;4;3;7;10.6989702298656;;;;
93;4;1;2;0.0480536295497895;;;;
94;2;2;4;1.9242483848734;;;;
95;2;3;8;5.08050140240736;;;;
96;5;3;7;12.4402682739743;;;;
97;3;5;15;4.74074305091117;;;;
98;3;1;2;3.02988463259933;;;;
99;1;3;8;0.408444318242877;;;;
100;1;5;14;6.8952588197001;;;;
101;3;5;13;5.71427293774795;;;;
102;2;4;10;0.678305218451764;;;;
103;2;1;3;6.29978469689015;;;;
104;2;5;15;8.59368839964926;;;;
105;1;2;5;7.31566332690645;;;;
106;2;2;5;9.50097992604361;;;;
107;4;1;3;7.3141914393069;;;;
108;5;3;7;0.223059556113554;;;;
109;3;4;10;3.23528786609685;;;;
110;2;3;7;8.93766061996362;;;;
111;4;5;13;8.52961964475157;;;;
112;3;4;11;1.25298336850471;;;;
113;2;5;13;3.09876328726236;;;;
114;5;1;1;9.21207450570076;;;;
115;1;4;11;10.5079678947;;;;
116;4;5;15;0.555057026081912;;;;
117;2;4;10;8.57954654012614;;;;
118;4;4;11;2.40742223073013;;;;
119;4;5;15;6.07531749397459;;;;
120;5;4;12;3.43423317539734;;;;
121;4;1;3;0.175900860610513;;;;
122;1;5;13;2.61281875993283;;;;
123;4;3;7;5.56653490137771;;;;
124;5;2;6;1.23358773512087;;;;
125;4;2;6;2.96449027585751;;;;
126;2;1;2;9.61751194358231;;;;
127;2;4;11;5.8826658611316;;;;
128;1;4;10;1.37431404903021;;;;
129;4;4;12;0.321979083891253;;;;
130;4;1;2;1.62690204336019;;;;
131;1;2;4;6.51135393848191;;;;
132;3;3;8;3.64998494059127;;;;
133;4;5;13;1.16262439592129;;;;
134;3;1;3;2.67636278072476;;;;
135;5;5;14;2.49116748959809;;;;
136;4;1;1;6.04886163444855;;;;
137;2;1;1;2.78343191510861;;;;
138;5;4;11;6.10118107020618;;;;
139;1;5;15;1.99361795113943;;;;
140;4;2;4;0.089691832986009;;;;
141;4;2;6;6.27564968761811;;;;
142;5;1;3;9.49356531763615;;;;
143;5;3;7;13.0572965785592;;;;
144;2;1;3;0.836574934596718;;;;
145;1;4;10;5.67307171553446;;;;
146;5;4;11;11.4179610581844;;;;
147;1;3;7;3.86999117786836;;;;
148;1;5;13;4.9689424203625;;;;
149;4;4;12;7.96696885902025;;;;
150;3;4;11;6.63334122482775;;;;
151;5;3;9;9.55705651204212;;;;
152;2;2;4;3.41117222270431;;;;
153;1;3;8;7.87646933975531;;;;
154;2;5;14;1.19559929326517;;;;
155;5;1;2;2.71358845523919;;;;
156;3;2;6;7.36161533866446;;;;
157;4;4;12;4.51552454202009;;;;
158;2;4;10;1.3346442826601;;;;
159;4;5;15;0.0409401916382324;;;;
160;2;2;6;4.44891663767074;;;;
161;1;1;2;2.1410095013558;;;;
162;4;4;11;6.56623980746044;;;;
163;2;4;10;5.19281088768754;;;;
164;5;3;8;1.38190871162105;;;;
165;5;2;4;0.329299288431338;;;;
166;3;3;9;9.13963170373918;;;;
167;2;4;12;1.10911804416628;;;;
168;3;4;12;0.905207081260141;;;;
169;4;4;12;3.89121084375324;;;;
170;4;5;13;0.200476944269468;;;;
171;4;2;6;2.8550432036244;;;;
172;5;5;15;1.08352624978068;;;;
173;3;2;6;7.07196082228604;;;;
174;2;5;15;6.17712611755918;;;;
175;5;3;9;3.31818114334862;;;;
176;1;3;9;10.4202923909474;;;;
177;2;3;8;4.31354425950812;;;;
178;1;2;4;7.93237137322127;;;;
179;4;4;11;10.2512751406662;;;;
180;2;3;7;1.06868987742562;;;;
181;2;3;7;4.29652108226734;;;;
182;2;1;2;0.248822361575427;;;;
183;4;5;14;6.45389764378397;;;;
184;5;5;13;2.96510933493766;;;;
185;4;4;12;0.017767026899064;;;;
186;3;3;8;1.20140420345472;;;;
187;2;3;7;0.619317360166115;;;;
188;1;3;7;0.813036545094362;;;;
189;1;4;12;0.577106070085671;;;;
190;3;3;9;5.43115860699526;;;;
191;1;2;6;0.395780744877914;;;;
192;5;5;15;14.3712296378205;;;;
193;4;5;14;4.76179381632805;;;;
194;4;3;7;3.83678128322894;;;;
195;1;1;1;4.51902200227167;;;;
196;3;1;1;0.696122469278168;;;;
197;4;4;12;1.97013298100924;;;;
198;3;3;8;8.86624246952181;;;;
199;4;4;10;5.39801125161754;;;;
200;1;3;8;3.492343218248;;;;
201;2;3;8;1.37784689308162;;;;
202;3;5;13;8.16952970976082;;;;
203;4;2;5;6.79042898608131;;;;
204;3;5;14;2.33126378410934;;;;
205;5;3;7;11.5897399818095;;;;
206;4;1;3;3.71989466390601;;;;
207;1;4;10;0.173971262937198;;;;
208;2;1;2;1.99255941279568;;;;
209;2;1;3;4.35232319052805;;;;
210;4;1;1;5.6723628710141;;;;
211;4;5;15;0.644388061396865;;;;
212;1;2;5;2.81595075240268;;;;
213;2;5;13;0.231403328827037;;;;
214;5;4;10;3.90138392064627;;;;
215;3;4;10;1.86008220558326;;;;
216;1;5;14;1.99873365709019;;;;
217;4;3;9;2.07967107464696;;;;
218;3;1;3;0.727094630925364;;;;
219;3;4;12;0.461995223831843;;;;
220;4;1;1;1.00169621019793;;;;
221;1;3;8;3.1166130627031;;;;
222;4;2;5;9.0957917735932;;;;
223;4;3;8;11.2239103395764;;;;
224;1;1;3;5.44956563289373;;;;
225;5;1;1;2.74351193346646;;;;
226;5;5;15;1.03600731071923;;;;
227;4;1;1;0.337629641136905;;;;
228;4;3;7;0.469178133443438;;;;
229;4;5;14;7.8334771477779;;;;
230;3;2;4;0.224342454112146;;;;
231;1;3;8;4.41764361678135;;;;
232;1;2;6;1.34810572570713;;;;
233;2;1;3;2.09530600982182;;;;
234;2;3;8;0.791317321230729;;;;
235;5;5;15;2.86657522610146;;;;
236;4;4;12;5.20805178996823;;;;
237;5;4;11;4.57075515919263;;;;
238;2;1;1;0.932370359787547;;;;
239;5;1;3;3.41168547661709;;;;
240;1;2;5;1.13151612873568;;;;
241;4;5;15;0.417439198377605;;;;
242;3;3;7;1.90653087352012;;;;
243;4;3;9;7.61712509827481;;;;
244;3;4;10;0.750183663908455;;;;
245;5;3;9;8.20835731960239;;;;
246;5;5;15;5.80040123179393;;;;
247;4;1;2;9.09365675136832;;;;
248;2;1;1;3.70390781250315;;;;
249;2;1;2;1.78596510550841;;;;
250;2;5;15;3.137222657951;;;;
251;3;5;15;0.803185063638953;;;;
252;1;2;4;2.15716131036276;;;;
253;2;4;10;3.41061300160719;;;;
254;4;4;11;9.12297579199969;;;;
255;3;5;15;0.537350182871225;;;;
256;2;2;6;5.24415904191685;;;;
257;3;4;12;7.27391659730249;;;;
258;1;2;5;0.20683683700302;;;;
259;3;5;15;4.81039983948167;;;;
260;4;5;14;9.71328172404604;;;;
261;3;3;9;12.7116728782667;;;;
262;5;1;2;0.394276576548484;;;;
263;1;3;8;2.97789948352841;;;;
264;3;3;7;7.87562912281993;;;;
265;2;5;13;1.41581660095351;;;;
266;4;1;2;1.49274779743332;;;;
267;2;1;1;0.544912382413531;;;;
268;3;2;4;2.22325259757167;;;;
269;5;5;15;0.0418160777496079;;;;
270;1;4;10;1.14086260014735;;;;
271;3;1;3;1.6340928257172;;;;
272;1;5;14;7.57947964566461;;;;
273;1;5;15;7.33032328160166;;;;
274;2;4;10;0.230374487109948;;;;
275;2;1;3;6.20876763990638;;;;
276;3;3;7;1.31992318786669;;;;
277;1;2;6;0.895251427189047;;;;
278;2;3;7;10.0398397759196;;;;
279;4;5;13;4.43565113666856;;;;
280;5;5;14;4.15883101484717;;;;
281;1;4;11;4.38293546122599;;;;
282;3;2;5;7.81881503829914;;;;
283;5;2;6;3.6946550192278;;;;
284;2;3;8;0.0863815337850722;;;;
285;2;5;14;3.77006598206949;;;;
286;2;3;8;8.34068423406312;;;;
287;4;4;12;1.59062479872428;;;;
288;4;2;4;5.3394274373411;;;;
289;3;4;10;7.73527842907126;;;;
290;1;3;9;0.301874020072329;;;;
291;5;1;1;11.8859993370498;;;;
292;4;4;10;0.716846698345522;;;;
293;4;1;3;1.8459312201211;;;;
294;4;4;12;0.510428302503631;;;;
295;5;3;7;8.9746334067817;;;;
296;1;5;14;13.548502357268;;;;
297;2;1;3;14.6349335060798;;;;
298;4;3;8;0.429599068105827;;;;
299;2;3;8;1.92721009418347;;;;
300;4;3;9;4.38412152834639;;;;
301;1;1;2;0.0872014061677973;;;;
302;1;5;13;1.27090010470475;;;;
303;5;5;15;4.45527547972591;;;;
304;5;3;7;5.5873357862485;;;;
305;2;2;6;4.4129380373693;;;;
306;4;3;7;7.55380353889441;;;;
307;2;2;4;4.85214584473898;;;;
308;3;3;8;4.51601955082542;;;;
309;1;5;15;3.6995995723163;;;;
310;1;5;15;8.55719790797801;;;;
311;4;3;7;5.03306723415264;;;;
312;2;4;12;8.15261689932213;;;;
313;1;4;11;8.99056443084778;;;;
314;1;4;11;1.50733831951538;;;;
315;1;4;11;6.43631386969825;;;;
316;3;1;2;12.1844281083719;;;;
317;2;4;10;1.94237874752957;;;;
318;1;4;12;1.71925465922542;;;;
319;1;3;7;2.90789203184802;;;;
320;5;2;6;2.28546702316268;;;;
321;1;4;11;2.98060920548554;;;;
322;4;5;15;2.13295847247673;;;;
323;4;2;6;0.868382924230731;;;;
324;1;4;12;0.588055668653861;;;;
325;3;5;14;8.74024920429906;;;;
326;5;3;7;6.82999389707307;;;;
327;4;3;8;1.57680484194872;;;;
328;5;3;8;5.54713834780479;;;;
329;4;2;5;0.199216429244028;;;;
330;4;1;1;0.666111149282148;;;;
331;3;4;10;0.106591674971528;;;;
332;5;3;8;6.16186335236362;;;;
333;4;2;6;2.10664035541158;;;;
334;4;3;9;4.97614896591295;;;;
335;2;2;5;2.15394764310423;;;;
336;4;3;8;13.5514009149685;;;;
337;4;3;8;1.77374328116197;;;;
338;4;1;3;2.23241785876515;;;;
339;1;2;6;4.18236175651385;;;;
340;4;1;3;2.7782236309358;;;;
341;1;2;5;1.49955712826025;;;;
342;5;1;2;0.786943087200265;;;;
343;2;2;4;3.29965000338778;;;;
344;1;5;14;6.52279241928639;;;;
345;3;4;10;6.86945110165489;;;;
346;5;4;10;1.5493453009711;;;;
347;3;1;2;5.19559391770242;;;;
348;1;4;12;0.996301720523353;;;;
349;3;5;14;5.9484295212766;;;;
350;4;5;15;14.4282122904934;;;;
351;2;3;9;8.24508093713699;;;;
352;1;5;15;2.19688387893184;;;;
353;2;4;12;6.9415153316124;;;;
354;3;3;8;0.138677509766776;;;;
355;5;3;8;1.59738157480901;;;;
356;1;2;5;0.964860663825868;;;;
357;2;1;2;4.27394028234083;;;;
358;4;4;10;4.18774399015837;;;;
359;4;5;15;2.40416903368165;;;;
360;3;5;15;7.16654706151699;;;;
361;4;1;3;0.163859353313523;;;;
362;3;2;5;4.13602751870141;;;;
363;2;4;11;4.42863520998111;;;;
364;2;4;11;1.15989622094374;;;;
365;1;5;13;0.973752272919431;;;;
366;3;4;12;0.931273547712641;;;;
367;1;4;11;10.5592070813091;;;;
368;3;2;4;0.220390955934115;;;;
369;5;3;8;0.907286412309759;;;;
370;2;1;2;5.47752480058799;;;;
371;4;3;7;9.78943760426182;;;;
372;5;4;10;3.18889958070827;;;;
373;2;5;13;5.37611343773382;;;;
374;3;5;14;3.53027777260582;;;;
375;5;2;4;4.79501193303072;;;;
376;3;3;9;5.38671601012724;;;;
377;3;4;10;3.84326908268942;;;;
378;2;2;5;2.63992434402113;;;;
379;5;4;12;2.37069402152832;;;;
380;2;3;7;2.48456159238314;;;;
381;4;1;1;0.0473620247937412;;;;
382;3;2;6;3.90608764010133;;;;
383;4;5;13;11.3736499695734;;;;
384;5;1;2;0.915029507989818;;;;
385;4;1;3;9.59125815523791;;;;
386;3;5;14;0.898506205575814;;;;
387;5;1;2;0.678467095536491;;;;
388;4;1;1;1.86034440797349;;;;
389;2;4;12;1.52968005660719;;;;
390;5;4;11;0.973558751205442;;;;
391;5;5;15;2.32126976745688;;;;
392;2;5;14;4.01099048259641;;;;
393;2;5;14;10.1759745864012;;;;
394;1;4;11;8.39186310604413;;;;
395;3;3;7;1.96729088627927;;;;
396;1;3;7;5.88345752443211;;;;
397;3;5;14;1.33595020771523;;;;
398;1;2;5;11.1275197470592;;;;
399;4;3;9;0.551822802317162;;;;
400;2;5;14;0.624437812381163;;;;
401;4;2;5;0.0483500891763073;;;;
402;3;4;12;6.13779809753138;;;;
403;2;2;4;1.41322041762916;;;;
404;2;3;7;0.955871662473241;;;;
405;2;2;6;1.90212460486981;;;;
406;2;3;8;5.88939847727918;;;;
407;1;1;1;2.05937609478451;;;;
408;4;4;11;0.8370060722877;;;;
409;4;3;8;5.70955024506741;;;;
410;2;1;3;8.85629353592975;;;;
411;3;5;15;1.16364687459534;;;;
412;3;2;5;8.93410920103933;;;;
413;2;1;2;1.41094925166975;;;;
414;1;5;14;5.0762689106274;;;;
415;3;5;15;1.65540166252003;;;;
416;4;4;12;4.04879144418532;;;;
417;1;1;1;0.608015750827095;;;;
418;3;4;10;11.9596652995068;;;;
419;1;3;9;7.52892188355382;;;;
420;3;2;5;5.98591513236339;;;;
421;2;2;5;0.73481423251724;;;;
422;1;4;11;4.7308549792306;;;;
423;3;2;4;0.360931389994172;;;;
424;2;2;5;1.9858840005888;;;;
425;4;2;6;2.31930697091691;;;;
426;1;1;3;5.86961527853556;;;;
427;5;5;15;4.587254514309;;;;
428;5;4;12;5.85750199027565;;;;
429;4;1;2;1.45968577137035;;;;
430;3;4;10;3.44557630407566;;;;
431;2;5;14;5.40349477368258;;;;
432;1;3;9;8.1739813197392;;;;
433;3;5;14;5.76463611362106;;;;
434;1;1;3;4.07431193692595;;;;
435;3;2;5;1.88710323368992;;;;
436;5;2;5;6.76469507166924;;;;
437;3;1;2;0.750333926792366;;;;
438;4;2;4;1.45248710126237;;;;
439;3;1;2;12.7354639632807;;;;
440;2;3;7;1.74727596610396;;;;
441;5;2;6;2.92511950056153;;;;
442;1;1;1;1.59203765921523;;;;
443;4;3;8;6.82332766862904;;;;
444;2;1;3;1.77579272969511;;;;
445;1;1;3;0.817688109822167;;;;
446;4;2;4;0.850922354833703;;;;
447;2;3;7;3.69735989453182;;;;
448;2;2;6;2.26198680554443;;;;
449;3;4;10;0.701825952304248;;;;
450;2;2;6;8.95258449219863;;;;
451;1;3;7;6.93842819584322;;;;
452;1;1;2;11.2513490499105;;;;
453;3;5;15;1.79246501844999;;;;
454;3;1;2;0.400009738094281;;;;
455;4;4;12;3.26059216430145;;;;
456;1;3;8;1.21113344621621;;;;
457;2;5;15;0.912971485711257;;;;
458;1;1;2;1.32001634597298;;;;
459;2;5;13;8.84901634147098;;;;
460;5;1;1;6.71998537187122;;;;
461;2;2;6;10.4832477264206;;;;
462;5;4;12;0.241794463000462;;;;
463;5;3;9;0.644708741035936;;;;
464;4;1;1;1.08848394341215;;;;
465;3;4;11;0.314845577095733;;;;
466;5;3;7;4.20376308329475;;;;
467;5;2;4;2.40964746380639;;;;
468;5;3;9;4.60980350129697;;;;
469;4;1;3;1.46292803362686;;;;
470;3;2;6;0.715396721264302;;;;
471;3;1;1;3.79572816318906;;;;
472;5;3;9;0.792397449943884;;;;
473;1;5;14;5.33165512059748;;;;
474;2;1;2;0.296487282493189;;;;
475;5;1;2;0.415486812502236;;;;
476;4;3;9;0.23682741250982;;;;
477;3;2;4;6.35231636486244;;;;
478;5;5;15;4.42994108393996;;;;
479;3;3;7;5.60025274998123;;;;
480;2;2;5;11.9508427754515;;;;
481;5;3;9;11.5122101472975;;;;
482;3;1;2;1.24879040630144;;;;
483;2;4;11;0.871680606151952;;;;
484;5;5;14;6.82606554705158;;;;
485;2;4;11;4.37027127177807;;;;
486;2;1;1;0.337326717413518;;;;
487;2;2;6;3.11778171915626;;;;
488;4;4;10;7.51124929419131;;;;
489;2;4;12;3.20644423029683;;;;
490;3;4;11;6.55545572764013;;;;
491;5;3;7;6.40717972238129;;;;
492;1;4;11;4.04179463716962;;;;
493;3;1;3;1.54736857945377;;;;
494;3;5;13;7.76305897372863;;;;
495;4;2;5;0.855055145620871;;;;
496;5;2;4;3.17420236232927;;;;
497;4;5;15;0.387566595482861;;;;
498;5;3;9;10.9149625710789;;;;
499;5;5;13;2.31791257522595;;;;
500;2;3;7;12.6702064820212;;;;
501;2;3;8;0.817479525801998;;;;
502;5;4;12;0.2728363302554;;;;
503;4;3;7;5.63101227595963;;;;
504;3;2;6;7.61046391801862;;;;
505;5;2;6;6.31444658406281;;;;
506;3;2;6;9.72530077508236;;;;
507;5;2;4;0.216348836243199;;;;
508;5;5;13;8.37494005566974;;;;
509;4;2;5;0.399034911969262;;;;
510;1;1;2;1.05521989338208;;;;
511;1;2;4;4.45322839306509;;;;
512;5;4;11;1.29701219220702;;;;
513;4;2;6;1.01475951636309;;;;
514;5;4;11;5.40037933702287;;;;
515;2;2;5;4.08908760767494;;;;
516;1;2;4;9.54905936435888;;;;
517;4;4;10;6.31500152812802;;;;
518;4;1;3;8.43695417453555;;;;
519;4;5;14;10.8542957935535;;;;
520;4;5;13;9.83502962798734;;;;
521;4;5;15;2.18125128873607;;;;
522;3;4;11;6.83415595367612;;;;
523;4;2;5;3.69564337719618;;;;
524;2;2;4;2.89260603009211;;;;
525;1;2;4;10.1544875560731;;;;
526;2;1;3;1.06653547940161;;;;
527;3;1;1;0.378255140765918;;;;
528;1;5;14;3.57074313147258;;;;
529;5;1;1;0.115333739490558;;;;
530;2;1;1;1.21140418828428;;;;
531;5;5;13;0.700231537870556;;;;
532;2;3;9;6.06125000569718;;;;
533;4;4;11;7.56341947993133;;;;
534;3;1;2;13.0357427695907;;;;
535;1;4;10;10.6899200347265;;;;
536;2;1;3;6.11011870969289;;;;
537;2;3;8;2.92397476314001;;;;
538;4;4;10;8.37711657779965;;;;
539;4;5;13;11.5909630142674;;;;
540;3;5;13;0.696158331962111;;;;
541;1;3;9;5.51380606446882;;;;
542;2;1;3;7.02785763868674;;;;
543;2;2;5;5.19883124157923;;;;
544;4;5;15;5.92198261495564;;;;
545;5;4;11;5.22456404906308;;;;
546;2;4;12;6.23779855078175;;;;
547;2;4;12;0.0825779730029454;;;;
548;2;3;8;5.67142769377481;;;;
549;5;4;12;1.06650808782449;;;;
550;5;3;9;0.815636404019323;;;;
551;1;1;3;3.72971360984163;;;;
552;2;4;10;9.14720724994139;;;;
553;4;2;4;7.13470983087143;;;;
554;2;4;11;1.39788574051104;;;;
555;1;2;6;2.55187105859912;;;;
556;4;4;12;1.62607094555048;;;;
557;5;4;10;5.13707090582381;;;;
558;2;2;5;6.12343339977839;;;;
559;4;2;5;1.53260076234313;;;;
560;1;4;11;12.2019690965803;;;;
561;1;3;9;2.21938495017146;;;;
562;1;4;12;1.91091617340867;;;;
563;5;3;9;1.37912708945875;;;;
564;3;4;10;4.40506142625363;;;;
565;4;3;9;1.54772222820905;;;;
566;4;2;4;11.021602007537;;;;
567;3;4;12;5.20372184448192;;;;
568;4;4;10;3.91796783512532;;;;
569;2;4;11;4.04365851667523;;;;
570;1;4;10;0.161910342238335;;;;
571;4;4;10;6.41862189319106;;;;
572;2;4;11;0.6251953272989;;;;
573;3;2;4;1.98313795138755;;;;
574;2;3;7;2.20929844133279;;;;
575;2;5;14;1.5001717001148;;;;
576;4;2;5;0.909767213333531;;;;
577;3;5;15;0.338932866130149;;;;
578;2;5;15;9.85005063630803;;;;
579;3;4;10;3.58719482376732;;;;
580;4;1;2;6.97840430025967;;;;
581;1;4;12;0.825990546200858;;;;
582;2;1;1;6.50723498353836;;;;
583;1;2;4;4.76872034870123;;;;
584;2;3;8;7.47385743538429;;;;
585;4;3;8;7.04042783717561;;;;
586;4;2;5;4.63723539413632;;;;
587;5;1;3;7.83359189991833;;;;
588;1;2;6;1.55584105409964;;;;
589;1;1;2;4.43603246724069;;;;
590;5;3;7;3.70318934849987;;;;
591;4;4;11;0.627484077389849;;;;
592;5;2;5;4.38099505772685;;;;
593;5;2;6;10.6095839390509;;;;
594;5;2;6;1.2510982503572;;;;
595;1;1;1;0.406375715226904;;;;
596;4;1;3;2.7682057709575;;;;
597;5;2;6;4.95512566664429;;;;
598;3;1;3;0.278723088541418;;;;
599;1;1;1;2.80905873479479;;;;
600;2;4;12;3.38747467310202;;;;
601;3;4;11;0.601407269793563;;;;
602;5;2;5;6.42322192077708;;;;
603;5;1;2;3.56369180597399;;;;
604;4;3;9;0.750458047933309;;;;
605;3;4;12;0.549434785009916;;;;
606;3;3;8;6.70029359316375;;;;
607;1;5;13;13.7114158959128;;;;
608;5;2;5;3.05128607521544;;;;
609;2;4;10;3.96696762418407;;;;
610;1;5;15;6.03618786963066;;;;
611;2;4;12;3.62476025941759;;;;
612;3;4;12;1.11504916174979;;;;
613;1;1;1;0.826520126799074;;;;
614;4;5;13;12.6689052851211;;;;
615;4;1;1;2.86030193558695;;;;
616;4;2;5;0.479081023964704;;;;
617;4;2;5;5.38774476110384;;;;
618;1;1;2;3.49703073343776;;;;
619;2;2;6;4.44613547518721;;;;
620;3;2;4;4.13981754728688;;;;
621;4;3;7;6.60906059449272;;;;
622;2;5;14;2.42656370308047;;;;
623;3;1;3;12.5587466034789;;;;
624;1;2;4;8.80853243383612;;;;
625;2;4;12;2.62372768008794;;;;
626;3;5;13;1.29496616760101;;;;
627;1;2;6;1.55261001218793;;;;
628;2;2;5;4.04095922866018;;;;
629;1;5;15;7.64226064414728;;;;
630;1;1;1;9.34821833680487;;;;
631;2;1;2;4.20132366963832;;;;
632;4;4;10;0.750812296885722;;;;
633;3;1;1;1.23261908564435;;;;
634;5;2;6;4.18292284179606;;;;
635;2;5;15;0.213689634887913;;;;
636;2;1;1;2.03601897019465;;;;
637;4;3;7;4.0917941655203;;;;
638;4;1;1;12.6746426518904;;;;
639;5;2;5;0.949942108801047;;;;
640;3;1;3;3.19051838300445;;;;
641;5;5;13;3.79851202564464;;;;
642;1;5;14;2.97056777577259;;;;
643;5;5;13;7.80637785129328;;;;
644;5;3;7;8.77715157210685;;;;
645;2;4;12;5.5287412167245;;;;
646;5;2;4;0.711210861243983;;;;
647;1;4;12;2.80790916817429;;;;
648;3;1;3;8.27185153438291;;;;
649;1;4;10;2.10497453886695;;;;
650;5;1;3;1.75207609155052;;;;
651;5;1;1;6.3807624590328;;;;
652;3;2;5;5.79258843918527;;;;
653;1;5;15;9.77780685527619;;;;
654;1;1;1;0.359332366552235;;;;
655;5;4;11;7.20067940011655;;;;
656;3;1;1;1.00348649730267;;;;
657;4;2;5;0.162959717693071;;;;
658;4;1;3;4.68925918858221;;;;
659;4;3;7;5.29170738240218;;;;
660;3;4;11;0.213263289725083;;;;
661;3;1;1;6.77935057308676;;;;
662;5;4;10;3.27168778171463;;;;
663;1;4;10;2.36416963415718;;;;
664;5;4;10;2.0373002843726;;;;
665;2;1;3;2.47927671557616;;;;
666;1;1;2;4.13952266319336;;;;
667;2;1;2;1.45769398534933;;;;
668;5;3;8;2.29571177577795;;;;
669;1;5;14;0.243889446956835;;;;
670;3;4;10;2.97147852622537;;;;
671;4;4;11;1.2419026589782;;;;
672;1;4;11;1.31263178888529;;;;
673;1;1;2;1.94648638063783;;;;
674;1;1;1;7.65905179746117;;;;
675;5;4;11;0.842628574370742;;;;
676;1;3;7;2.96780457444514;;;;
677;4;3;8;6.31693645233601;;;;
678;2;1;1;2.06912175023991;;;;
679;3;3;8;0.983761047192985;;;;
680;2;3;7;0.234063066485453;;;;
681;1;4;12;2.90193523934318;;;;
682;3;2;6;14.2255712274326;;;;
683;2;1;1;1.00498447526642;;;;
684;3;4;12;1.37724637137455;;;;
685;5;1;1;1.58402897802987;;;;
686;3;4;11;5.02826676371343;;;;
687;5;5;15;1.37810754792587;;;;
688;3;1;1;0.409355987278434;;;;
689;2;4;10;3.38431364581527;;;;
690;2;5;13;0.471933210328617;;;;
691;4;2;4;3.20285816129088;;;;
692;5;1;2;10.2864081426842;;;;
693;4;5;13;5.72630358359108;;;;
694;1;5;13;2.43532302953967;;;;
695;3;5;15;4.24151530225789;;;;
696;1;2;5;1.55041392822671;;;;
697;1;4;11;12.9632522477143;;;;
698;1;5;13;0.597757279293677;;;;
699;1;4;12;0.673209071290164;;;;
700;4;1;1;5.14233680630532;;;;
701;3;2;4;1.44028581123728;;;;
702;1;3;7;2.07744728115181;;;;
703;1;2;5;1.07619586823082;;;;
704;3;4;10;1.35254510126513;;;;
705;5;5;13;4.25163848930759;;;;
706;2;5;13;11.7152202232836;;;;
707;4;5;15;9.66327050331719;;;;
708;1;2;6;10.968129794502;;;;
709;2;3;8;4.20864472049627;;;;
710;1;5;13;1.66327370970061;;;;
711;1;2;4;2.47362853004798;;;;
712;4;4;11;0.936996714339307;;;;
713;2;1;1;0.724728909807937;;;;
714;5;1;2;8.52545095609079;;;;
715;4;1;2;1.96613564834936;;;;
716;3;4;10;6.61010008859132;;;;
717;4;5;15;3.78724527134662;;;;
718;5;4;11;8.59515770286185;;;;
719;4;4;11;1.05565772744905;;;;
720;1;1;1;3.15041341242325;;;;
721;1;5;14;0.530495447533152;;;;
722;4;5;15;1.73884165707196;;;;
723;4;3;8;6.26607209733364;;;;
724;1;2;5;0.960060708116254;;;;
725;1;4;10;0.605378071524257;;;;
726;1;1;3;5.16368522781159;;;;
727;4;4;12;4.23275924106742;;;;
728;4;4;10;0.097429653515021;;;;
729;1;5;15;0.690596809073553;;;;
730;5;2;6;3.90230382126217;;;;
731;4;4;10;3.12697043263849;;;;
732;2;3;7;0.570309097328825;;;;
733;3;5;15;1.98151204714888;;;;
734;2;5;13;2.93303895845611;;;;
735;3;4;12;13.8097014035211;;;;
736;3;5;14;3.74869860332719;;;;
737;4;1;2;0.885293655919656;;;;
738;3;4;11;7.18282442049887;;;;
739;1;3;8;3.92275944687569;;;;
740;4;5;15;2.92117835980684;;;;
741;3;3;7;3.84052174565028;;;;
742;4;4;12;7.23845218417953;;;;
743;3;5;15;3.32465171798316;;;;
744;3;4;10;8.69393339900332;;;;
745;3;4;11;4.18680377106923;;;;
746;1;5;15;1.01545058579377;;;;
747;5;2;6;2.00806796306267;;;;
748;3;2;6;7.62353666330369;;;;
749;2;4;12;1.29689419003963;;;;
750;1;4;11;2.3179442438402;;;;
751;5;4;12;0.429186112421802;;;;
752;1;3;9;0.128372771709519;;;;
753;2;2;5;1.57036357835094;;;;
754;3;5;13;0.139505123950443;;;;
755;1;2;4;0.262558852214036;;;;
756;5;2;4;7.15378535602272;;;;
757;3;4;11;0.515965674094886;;;;
758;3;2;6;1.79605020319446;;;;
759;4;5;15;0.711161814914708;;;;
760;3;3;7;4.1757584571294;;;;
761;3;3;9;0.090269527510877;;;;
762;4;4;11;0.816132394231948;;;;
763;4;2;4;2.9641867542398;;;;
764;2;3;7;2.39440169873849;;;;
765;2;1;2;7.70812425528328;;;;
766;4;2;5;5.75099560682893;;;;
767;2;2;5;0.458384800943043;;;;
768;2;4;12;5.69956596633375;;;;
769;1;4;11;6.3365549156955;;;;
770;4;3;8;7.24975621480243;;;;
771;1;2;5;7.39062692000625;;;;
772;3;1;2;0.930974182010642;;;;
773;5;4;12;0.167614500467558;;;;
774;1;2;6;0.646451134703562;;;;
775;3;1;1;0.0215602349469959;;;;
776;5;3;9;0.734632684785421;;;;
777;3;4;12;8.34165782164611;;;;
778;1;2;5;4.29964473439435;;;;
779;3;2;4;2.10841732902233;;;;
780;5;1;1;0.324698770529155;;;;
781;5;5;13;5.89883729652958;;;;
782;2;4;11;0.344024461811375;;;;
783;1;4;10;1.85125339384948;;;;
784;5;1;3;0.0537490953152293;;;;
785;2;5;13;9.14053274573868;;;;
786;2;1;2;11.112167368473;;;;
787;2;1;2;12.341799020551;;;;
788;5;3;9;0.973476511274957;;;;
789;1;2;5;5.44677124937734;;;;
790;3;3;7;1.23461485297885;;;;
791;3;5;14;0.363211911559095;;;;
792;2;3;8;0.400317141623717;;;;
793;5;1;2;2.12996400137041;;;;
794;5;1;2;0.762625802071382;;;;
795;1;4;10;2.45744965896153;;;;
796;1;5;15;2.97736478178194;;;;
797;1;1;3;0.454634828895864;;;;
798;4;5;13;5.97486327345986;;;;
799;1;4;10;0.313961340587107;;;;
800;3;1;1;1.03435670318945;;;;
801;5;3;8;3.88176140086448;;;;
802;2;2;5;2.38424430402655;;;;
803;2;3;9;2.64069719457116;;;;
804;5;4;11;7.97451366169459;;;;
805;3;2;5;3.97566007066827;;;;
806;1;1;3;3.82924218910152;;;;
807;1;5;15;3.46410628888641;;;;
808;3;2;5;1.74667699779662;;;;
809;3;2;6;2.48047914852776;;;;
810;3;3;9;2.64834616936514;;;;
811;4;4;11;0.124325373893815;;;;
812;4;3;9;8.24205223982448;;;;
813;5;1;1;10.2863868301722;;;;
814;2;2;5;1.36855726190731;;;;
815;5;4;10;11.1899227723191;;;;
816;5;3;9;4.09408887430033;;;;
817;4;1;3;0.901721098493255;;;;
818;3;3;7;5.52303179479671;;;;
819;2;3;9;3.92546254114143;;;;
820;2;2;5;2.38506321121997;;;;
821;4;2;4;3.92608386894179;;;;
822;4;3;9;8.64189518989739;;;;
823;2;4;10;3.529056159738;;;;
824;2;4;12;0.500600489835169;;;;
825;5;3;8;1.97974135985987;;;;
826;3;5;14;3.21694598116949;;;;
827;4;3;8;0.1283462967122;;;;
828;1;5;15;3.91845364779496;;;;
829;1;3;8;0.786986737006901;;;;
830;4;2;5;2.77547125460138;;;;
831;1;5;14;3.71195185915924;;;;
832;1;1;2;1.30985339785846;;;;
833;2;4;12;7.09114132408946;;;;
834;5;2;4;0.0603300146226233;;;;
835;2;1;2;1.30175299324166;;;;
836;1;5;13;8.78831639417773;;;;
837;2;1;2;4.46772133699507;;;;
838;1;2;4;9.35205591535295;;;;
839;4;4;10;2.63321070784865;;;;
840;5;3;7;6.23606902516251;;;;
841;4;4;12;3.03763571504042;;;;
842;3;3;9;5.09737789101823;;;;
843;1;1;2;5.47555482031314;;;;
844;1;3;9;3.78238164180548;;;;
845;3;2;6;6.29912465634183;;;;
846;1;3;9;7.78769113790796;;;;
847;4;1;2;1.5522509562598;;;;
848;1;1;1;0.862839296287762;;;;
849;2;2;4;12.7847526249333;;;;
850;1;5;15;11.8642170918592;;;;
851;2;3;9;0.905386284280836;;;;
852;2;3;9;9.54888208611966;;;;
853;2;5;13;3.48319748723662;;;;
854;1;1;3;9.13451370411638;;;;
855;3;2;6;13.4438145378533;;;;
856;5;5;15;13.1953483713001;;;;
857;4;5;14;0.451823136583157;;;;
858;5;4;10;0.858746003611296;;;;
859;5;4;10;5.79613955357147;;;;
860;5;5;15;8.15237161001636;;;;
861;1;5;15;10.1833294466557;;;;
862;5;1;3;9.7044262835777;;;;
863;2;2;4;1.26552684055305;;;;
864;3;2;6;0.39756377244229;;;;
865;3;2;6;1.37798015318389;;;;
866;4;3;7;0.0538706383208403;;;;
867;4;5;14;1.6260420206373;;;;
868;4;2;6;4.98884695624479;;;;
869;3;2;4;5.38501854036925;;;;
870;5;1;1;2.22056954090662;;;;
871;4;5;14;3.63586869803859;;;;
872;1;4;10;5.38887200714533;;;;
873;3;2;5;8.36892117569931;;;;
874;4;5;14;2.11490093194942;;;;
875;1;2;6;0.35171752269622;;;;
876;5;1;1;1.97651195512292;;;;
877;3;4;10;4.81046174239828;;;;
878;1;5;13;3.14200553289864;;;;
879;1;3;7;6.99280209563206;;;;
880;5;1;3;1.92214945508183;;;;
881;2;3;9;2.10701113217327;;;;
882;2;4;12;1.039592501329;;;;
883;5;3;8;4.74603923029106;;;;
884;3;1;2;1.94843171975133;;;;
885;2;1;2;4.54860492852425;;;;
886;4;1;3;5.82133585439654;;;;
887;1;1;3;0.0312305982335621;;;;
888;1;4;12;8.79987843172588;;;;
889;4;2;4;5.5507293943659;;;;
890;1;3;8;0.914066563269753;;;;
891;4;4;10;0.161598446302114;;;;
892;4;1;1;3.34168275408398;;;;
893;2;5;15;9.94685310993221;;;;
894;2;1;3;0.914089192890512;;;;
895;3;5;15;6.37555513191549;;;;
896;4;2;6;0.445461667836927;;;;
897;4;3;8;4.41088895830095;;;;
898;3;4;12;3.62272663921746;;;;
899;4;4;12;0.865815585798063;;;;
900;4;2;4;1.43807685933266;;;;
901;5;4;10;2.03622427462457;;;;
902;5;2;4;5.61963554618922;;;;
903;1;4;11;3.970383909977;;;;
904;2;1;1;9.35282463571039;;;;
905;4;5;13;8.12013807928031;;;;
906;3;4;11;9.88365705519854;;;;
907;4;4;12;1.91298427101898;;;;
908;1;4;11;0.454279843121107;;;;
909;4;4;12;0.251897060776468;;;;
910;3;4;12;5.64885220733921;;;;
911;3;2;4;0.951078229473791;;;;
912;3;5;15;4.77344495214225;;;;
913;4;4;12;1.7190485790388;;;;
914;4;5;14;8.55536221045113;;;;
915;2;2;6;8.03548932366665;;;;
916;1;2;5;2.86014057888517;;;;
917;3;1;3;0.908564961490875;;;;
918;3;3;7;10.0621978927941;;;;
919;5;3;9;0.25317981498289;;;;
920;5;1;2;7.78179746605303;;;;
921;4;3;8;1.33674860396285;;;;
922;4;3;7;4.37860903357056;;;;
923;5;5;15;4.65469788691424;;;;
924;5;3;8;6.4674895301209;;;;
925;3;1;1;1.22059586325008;;;;
926;5;2;5;6.59167693957422;;;;
927;4;4;12;1.99972553918056;;;;
928;4;4;12;0.861128044961895;;;;
929;1;5;14;10.9420547890073;;;;
930;3;1;1;9.24496993367344;;;;
931;1;3;9;1.59699943202234;;;;
932;1;5;15;3.95002717628213;;;;
933;1;5;14;0.055748790367473;;;;
934;4;1;1;5.56654774967031;;;;
935;2;3;7;1.31733927632699;;;;
936;4;1;3;2.4287927788909;;;;
937;2;5;15;7.04773117146035;;;;
938;5;3;8;3.93040400880916;;;;
939;1;2;4;4.95790001284292;;;;
940;5;3;9;3.06104818733634;;;;
941;4;1;3;1.95318816965281;;;;
942;4;4;11;7.3296267078218;;;;
943;1;1;2;1.00114722857527;;;;
944;5;1;3;1.45427456427354;;;;
945;3;1;1;3.38834477103773;;;;
946;3;4;10;6.14556169945659;;;;
947;2;1;2;1.72520631425958;;;;
948;4;2;5;7.13120925123511;;;;
949;5;3;8;1.49508180258211;;;;
950;1;3;7;0.432092860912672;;;;
951;3;5;15;4.8120645619211;;;;
952;5;4;11;8.11719465021152;;;;
953;2;2;6;2.59389961130061;;;;
954;1;1;3;9.64332245940987;;;;
955;4;3;7;2.09087803492081;;;;
956;5;2;6;1.01332900181625;;;;
957;2;2;4;11.1741285325109;;;;
958;2;1;1;2.00471501344259;;;;
959;1;1;1;3.65291196368642;;;;
960;3;3;7;0.017294026214955;;;;
961;5;5;14;3.69137595264876;;;;
962;4;4;11;5.65001497192273;;;;
963;2;4;11;0.201344799290604;;;;
964;3;1;1;7.37376186925714;;;;
965;2;3;7;8.59286768570687;;;;
966;4;1;3;2.96956393500679;;;;
967;5;1;2;0.160676532327643;;;;
968;1;3;7;1.15267906864374;;;;
969;4;5;15;3.74632409508432;;;;
970;4;2;4;6.67025510420263;;;;
971;3;1;2;3.22726321769154;;;;
972;3;3;9;0.671962655575888;;;;
973;1;2;6;4.65362306238295;;;;
974;4;1;3;0.587156272955021;;;;
975;4;1;2;1.17385400225711;;;;
976;3;4;11;4.96498773499727;;;;
977;2;3;7;0.417907516451959;;;;
978;5;2;5;3.66254084316456;;;;
979;5;5;13;3.93380683834544;;;;
980;5;5;15;1.0427158537183;;;;
981;5;2;6;5.69730993199414;;;;
982;4;5;14;1.14348284585871;;;;
983;2;2;4;0.0988745161455342;;;;
984;4;4;11;5.73408362811958;;;;
